CardNo,Food&Grocery,DepartmentStores,Travelservice,Transportation,Food&Grocery_F,DepartmentStores_F,Travelservice_F,Transportation_F
36,683018,77278,430122,461592,31,42,49,23
66,442893,107877,155591,462895,29,28,50,34
13,498225,305818,258809,158097,39,3,40,4
13,904833,355949,153383,69084,11,14,7,40
29,277480,54576,319086,14343,16,44,36,13
18,731572,26624,452895,194947,31,20,39,26
81,128313,45463,1560,222019,39,39,23,20
14,685243,234457,303620,248478,33,49,16,46
39,897024,229481,235641,89046,27,5,26,23
66,168208,70082,256162,286976,36,12,50,46
62,988735,306391,386771,29786,19,16,49,10
27,35533,381318,326577,82193,23,35,31,0
86,982043,469679,364781,327808,50,31,37,20
36,324986,466631,301586,160726,29,23,47,18
70,576961,429773,322946,72192,48,18,32,8
13,329107,120107,198194,106457,40,45,14,7
26,436900,174115,362111,266885,6,43,0,34
99,544237,15573,250628,232716,5,27,27,40
33,500751,300759,248589,47348,33,42,10,39
44,340534,355758,151351,169273,22,48,30,45
60,45915,417896,101913,272743,25,16,45,27
48,877796,364983,465389,358600,34,37,2,26
18,889384,160486,235318,3313,41,48,43,34
59,657839,28379,457871,69642,16,23,33,16
10,599151,407917,21880,100233,2,50,50,46
43,859290,192378,383440,351465,17,24,37,22
38,945611,434335,379792,172747,40,38,41,50
65,89723,338347,138191,406825,46,27,46,4
22,310793,322479,295608,439398,38,3,23,23
68,648488,129718,445502,343504,6,33,43,17
56,666942,179224,442358,305765,16,45,47,18
34,697172,451542,257387,92929,48,17,19,24
30,574846,108637,365226,200641,39,21,1,4
78,650240,106642,193909,288297,50,1,21,0
92,492376,198550,249391,260773,42,1,25,44
26,532955,483935,201140,392729,19,20,16,26
80,345986,327147,308399,436992,17,48,30,45
37,305339,259092,89971,319441,48,40,22,9
83,639506,84788,326034,82311,26,19,36,12
64,157916,45703,75693,405875,12,15,37,14
9,457900,166596,96504,216678,35,42,24,11
83,376552,164188,294142,490300,33,1,19,30
30,186974,426841,66336,279766,5,31,48,1
49,519518,496607,141978,98588,9,12,17,28
45,997014,295688,23886,439464,21,25,8,5
5,710335,416627,114325,119392,0,25,14,9
25,528510,161874,478791,21342,45,33,7,19
37,825976,326600,475809,324409,46,39,23,32
82,436518,285620,451896,35944,42,14,23,18
15,143199,456899,54728,56248,41,0,1,17
44,677349,59707,166821,473779,31,31,32,2
5,628423,228445,343428,246751,47,37,9,35
78,603690,413139,15787,200483,36,14,30,20
37,941436,97266,390297,163523,9,39,22,20
42,33615,101718,215985,50008,34,43,29,32
63,433873,472596,94664,189756,19,2,37,47
10,702964,249035,87590,285453,44,20,12,4
20,913875,367714,450124,182746,33,21,29,9
9,642283,55806,62504,374381,48,14,28,27
87,813390,128658,204568,198353,41,44,25,36
26,547864,46781,73701,227191,28,2,14,31
46,119585,120948,317103,413279,36,14,13,6
74,665617,354116,211163,337988,43,47,46,24
58,142678,2468,438646,483433,32,2,22,12
11,866806,71441,52220,382332,20,14,30,48
7,905904,293110,440683,286910,5,46,8,16
98,771559,451014,354731,195307,34,47,7,37
82,816453,373165,476672,463710,50,11,29,44
17,40964,150119,321932,427111,43,20,41,41
56,856883,314925,214726,463931,26,45,43,3
23,398264,175273,21743,247568,3,30,0,6
76,13266,220554,205529,292106,50,4,45,5
77,906800,381962,142393,11812,30,25,38,46
96,108268,406855,393301,10676,34,36,21,42
94,395100,192424,344825,268145,32,27,11,25
9,854090,129703,282673,71369,35,28,30,29
69,311507,118067,292674,167684,27,26,3,36
50,392303,371169,303647,43160,27,29,22,44
13,361638,60944,397690,450746,43,1,24,49
42,95795,446843,478522,421189,25,13,23,19
61,946565,9668,65128,34436,32,23,0,42
97,114140,13886,167608,436813,46,21,26,33
53,108760,499242,295537,302282,21,44,1,1
39,329777,38549,228455,157185,45,20,5,25
35,602725,126546,439915,312902,36,25,23,32
52,731400,490185,460498,308263,49,1,12,0
72,49765,379308,390758,59062,30,48,44,22
60,16314,174588,263102,80954,50,21,22,12
51,389201,366891,456047,449452,30,22,6,22
5,709339,168140,119682,471699,24,23,39,22
83,994409,127500,423728,377292,43,3,38,28
31,576878,113916,139171,259698,36,42,17,0
88,640470,114677,205364,426452,22,22,6,38
57,356370,47553,64063,459536,25,32,23,6
29,765092,143027,406879,236857,9,9,34,8
80,189414,423021,462374,194034,48,48,8,32
63,196019,351109,427123,166343,34,43,4,10
7,908114,353147,400218,474971,15,50,7,45
35,281968,40585,329357,200993,17,31,37,47
49,885779,396124,78799,433192,4,33,42,34
15,481550,192804,372743,455864,14,11,18,15
1,322903,144543,371111,312442,0,41,27,10
28,272502,484961,469271,393664,24,39,47,48
63,35813,177734,11623,498100,47,32,20,24
21,344523,111139,442844,461454,3,23,44,22
35,377657,149234,49116,341103,15,26,8,4
19,551076,112493,190857,291350,25,17,29,37
23,319162,309599,436136,414724,47,26,33,50
82,902655,384514,71763,337099,37,45,29,44
28,810216,29109,486482,96127,34,19,44,20
88,885523,26968,84856,176431,44,17,10,46
77,833806,436331,17794,242583,49,16,4,23
15,750816,148304,448595,121641,31,35,14,10
6,442766,436164,13448,362994,19,48,29,24
2,819996,115795,181982,365447,17,46,47,27
10,69341,306806,485422,206475,5,39,35,21
77,740025,235883,418125,84019,4,22,5,36
13,440677,498622,116903,370852,41,45,19,14
74,457377,456267,231551,107292,29,25,9,44
10,83453,1894,374575,403236,14,15,29,21
31,191570,348304,300096,401945,3,27,44,45
55,112035,305019,340734,332651,0,49,11,30
42,119474,371246,190195,343721,41,31,6,10
23,361548,3163,454823,59740,7,3,41,42
55,840020,450149,400856,52221,33,12,15,1
36,935438,20628,422988,81938,25,45,49,33
47,999537,248785,109020,337566,24,46,12,29
79,512450,291885,448812,463381,11,33,19,20
22,10737,164481,167727,49180,3,7,33,37
31,817014,478189,424505,459039,19,13,2,46
61,399158,61007,41674,2663,39,46,30,28
64,157092,133050,260946,471889,48,1,24,36
35,530747,330998,253326,191655,14,41,17,32
19,922455,433005,408839,392800,29,30,28,23
17,900434,103985,420465,113713,31,45,34,47
83,102547,55008,58936,435664,16,37,15,2
56,646134,298188,214567,268458,22,23,16,18
5,805712,161260,304095,308180,7,30,31,9
81,864263,332420,63030,434198,20,29,24,33
67,160287,281949,192611,432622,20,23,26,28
26,774903,442684,169263,227505,20,43,33,5
73,963340,209804,413762,64627,19,26,6,19
13,966992,280581,78021,175927,38,19,26,30
17,765464,13664,91129,423151,44,36,32,43
38,261071,346958,471965,134534,46,27,37,22
44,381876,375655,145612,95578,4,1,5,13
47,90126,444289,434792,94925,34,35,32,33
39,883061,474834,452072,280856,29,5,49,22
78,413980,20175,350098,333773,10,43,5,38
8,115409,404141,395492,275316,31,37,13,46
40,761623,147627,349367,435092,26,30,3,6
44,547163,74543,223903,143580,11,50,21,19
26,16189,16181,461489,74990,15,8,2,39
20,431436,445845,156045,286045,2,31,38,5
34,512319,332638,416748,353450,36,45,14,43
61,771140,325860,86893,158563,33,22,10,3
88,164009,287545,494966,489023,41,23,12,38
18,595374,4432,319417,395217,5,17,48,21
99,957353,390423,88072,398774,50,1,29,21
15,489436,374929,356824,465622,1,22,12,33
66,766633,114997,237066,177160,27,6,49,25
60,927522,439954,307465,81008,24,26,23,37
12,139946,97874,150239,68987,30,8,44,18
71,645739,79450,470690,172894,3,32,36,1
12,272970,467781,469693,328737,17,38,11,21
33,361044,65335,93241,362271,15,41,24,8
78,683733,435683,315328,441995,40,7,33,46
46,527659,57326,464062,130942,44,19,2,6
20,219749,182093,146151,195773,16,8,41,18
70,355470,487602,373262,498383,50,7,37,10
88,589832,40328,367441,359450,22,29,45,40
61,964636,497838,115921,2906,18,17,19,36
55,54,392253,16101,433739,6,34,11,20
5,677483,99688,111540,424130,39,24,0,11
41,86189,285428,45581,143442,11,20,27,6
22,53669,289952,218488,460934,4,18,35,2
67,838446,212122,233742,263270,9,16,20,45
87,249215,23793,403385,375075,38,3,16,34
87,789201,496116,462756,342229,31,34,36,29
51,656552,175156,226956,312237,35,34,49,43
36,326912,243008,487949,119132,41,35,27,3
64,983995,342813,99664,139824,1,23,50,12
78,571470,74058,373685,32855,43,50,2,18
84,22631,175693,357005,471911,41,7,30,7
95,25372,78440,338080,429735,14,26,43,13
29,280482,132699,390520,247207,7,31,12,23
20,944550,350271,6362,255858,14,6,34,50
11,532748,483157,26603,454039,13,11,14,27
63,561059,86128,224843,413217,1,8,31,48
66,628359,125475,71441,158555,29,28,20,46
99,461842,288044,466126,220279,11,44,0,20
100,732828,317095,382829,447619,23,32,20,36
20,373082,372872,51858,284399,0,22,48,10
54,592173,290140,4180,188133,16,18,45,25
45,624339,229124,405021,495772,1,4,2,41
63,529728,478621,14314,79514,33,24,9,27
66,741581,479319,300456,40823,22,0,28,18
20,284733,216860,340134,418207,47,9,35,43
69,30699,212708,223919,2877,24,40,22,49
44,657264,429971,325412,142873,1,35,29,0
97,15329,8187,347774,35676,31,39,33,47
56,317365,428621,394647,309330,48,3,35,29
42,53180,498845,40196,222362,36,21,31,22
76,286970,227551,439260,386372,8,42,18,41
53,7308,61962,6356,350531,46,44,12,40
66,121598,123864,147100,31134,43,2,41,30
26,142238,295537,9737,170032,12,3,35,3
32,955993,23197,403723,417163,16,37,26,1
99,364655,54025,292229,51676,5,47,46,4
48,475324,373725,193710,254235,21,32,13,13
34,965158,322129,338594,324536,13,28,42,44
32,813584,126223,396480,368530,40,30,32,46
2,337608,160829,57806,250214,48,30,35,50
35,36184,458051,97618,249825,20,18,30,6
27,967844,240478,456864,352407,17,47,28,16
82,548083,287285,63574,222044,34,47,25,12
4,771425,401937,396043,488146,8,17,35,19
14,685939,325714,464188,140116,48,20,5,22
35,613956,149980,355163,146967,48,35,0,28
33,247800,424167,79322,53403,44,23,9,21
8,325956,69632,132832,340374,18,46,29,14
15,521768,106596,218317,29990,6,43,28,41
23,501867,272684,2529,385694,23,13,42,6
100,872117,459299,484719,491148,37,20,15,13
92,889466,480268,275976,255805,7,10,50,10
30,393977,185142,475143,28044,31,18,23,48
18,787439,150524,73678,14263,11,35,46,18
67,963207,279166,346361,338099,2,3,40,43
40,896428,285663,480911,59709,6,22,47,8
15,984243,68539,75682,333693,41,30,44,25
45,849427,138145,413242,284745,17,7,48,14
7,714127,56699,278384,106642,36,12,38,36
50,783471,364580,425905,204013,45,2,26,16
89,544580,146330,304774,126055,6,27,24,29
14,924344,201822,254944,210237,7,46,31,0
67,525627,299345,385997,160845,0,48,14,22
77,123296,111674,462595,282377,40,33,12,29
79,574381,442680,20069,440065,26,35,47,49
54,508906,27669,194644,48787,26,31,27,13
70,731898,497697,220998,240963,39,39,19,20
42,63310,254312,21478,22737,13,39,37,38
71,901393,107517,397930,55574,46,34,9,22
90,680742,200632,287721,195487,6,26,33,39
22,254552,152425,386955,368982,40,45,33,41
27,563863,156244,6401,431391,49,15,7,43
20,852193,178442,244700,156198,36,11,41,10
96,121791,239666,403528,143422,18,20,13,15
91,554509,250680,494760,497650,35,21,31,30
82,580427,411389,307073,489755,40,48,46,50
55,448743,71524,330190,136176,45,24,42,32
87,543922,64078,122446,471496,33,21,37,18
20,393033,447232,247871,269845,6,28,15,31
53,764688,390807,94299,297628,26,15,23,7
50,849771,326048,474072,445805,49,42,33,47
56,412515,21177,4531,130123,19,32,3,49
57,586049,280319,30787,400110,0,25,35,26
32,471446,281476,238892,315062,14,9,13,32
59,569266,335754,155478,268768,40,23,20,21
85,341358,426161,492828,124449,35,34,31,2
42,139938,217520,484177,475877,39,37,42,16
63,851385,46552,12114,378878,38,19,48,35
40,349050,147294,221259,118190,11,13,37,40
9,290958,151622,39141,38922,29,48,39,4
83,892396,182890,175543,402145,5,21,50,36
95,584186,143579,183016,459434,43,22,13,44
44,938396,395352,339151,122275,13,9,32,41
50,742409,156090,255384,206972,25,50,40,32
37,48488,463215,115479,280271,36,38,50,2
29,362126,259414,226194,178394,35,36,2,20
35,440876,73311,178533,345160,46,21,32,35
2,340269,458695,499553,204997,23,7,35,0
86,799974,28435,26221,219064,2,47,14,45
85,571202,258711,92251,429085,15,5,33,4
36,327110,108365,403522,453889,38,4,31,33
67,100415,450368,302019,240987,35,31,8,50
33,544957,329118,441652,424508,10,41,38,50
39,735015,496326,372643,27408,5,22,50,23
2,681790,120579,430777,398398,5,29,42,18
27,162648,80876,424968,414858,13,27,34,19
56,85390,52308,405835,403212,5,3,24,15
1,186025,113304,210595,173390,9,29,48,9
48,754358,296726,37771,17982,1,27,50,9
69,232844,375593,125697,249908,2,1,47,42
76,571468,126191,240821,244084,20,11,36,34
16,109487,420971,470470,121047,44,43,26,3
96,414934,1575,306126,124920,40,18,39,7
62,305765,416016,362921,332840,5,33,36,23
40,884859,463694,73661,212737,19,28,31,42
17,567263,478087,479146,337621,34,13,18,47
94,680550,81874,49198,143750,48,35,10,17
21,987140,363927,244307,353355,4,45,6,9
10,606779,25464,47464,303781,20,2,19,26
37,351892,482216,94972,82114,0,30,42,24
59,71494,291345,303313,303178,42,13,1,37
88,742458,320425,463202,303602,16,45,48,7
46,702319,263683,391793,447438,40,14,7,7
82,545703,128122,442287,247632,6,31,8,17
34,183545,378870,157755,186655,41,6,14,9
1,689933,288186,312791,82611,35,15,47,3
14,568960,379664,293829,258788,1,20,35,50
44,465414,133430,372683,492191,21,10,33,40
2,519074,136347,160148,147374,49,37,7,1
18,126372,247947,96954,251332,11,14,1,20
12,145156,90480,293465,50501,17,17,49,49
95,259591,194720,77977,128484,10,27,25,17
5,308518,97799,260837,183773,9,24,15,42
15,827275,368501,378605,200010,14,22,11,29
82,353878,252640,222849,303022,19,20,11,22
44,794490,215904,284201,454499,47,36,21,24
20,773406,116891,252594,352592,21,20,27,22
84,296197,143454,18530,21372,50,15,42,43
34,266427,234309,23878,399978,36,34,29,5
73,613223,244905,100971,183923,30,49,30,45
99,33123,226331,420267,168093,12,43,18,42
4,553540,287507,360610,430467,48,41,16,50
9,13390,361658,105795,190953,5,29,36,35
9,683869,164561,386258,377993,26,6,4,17
46,639824,499506,138900,198297,23,35,6,37
77,751148,30217,212677,134957,18,45,47,38
21,642492,89615,249215,338801,14,21,15,26
59,364021,309170,412795,288686,47,48,6,16
19,539364,92216,448433,221869,2,5,37,28
68,876662,16011,456455,138348,8,6,41,29
4,827153,262648,422841,444290,6,24,43,32
50,502493,319165,189319,297123,33,23,48,18
57,100876,240540,188230,352803,17,7,40,28
38,70371,355608,194634,52769,25,24,41,12
21,564978,437131,254556,117202,7,21,33,7
21,873247,203200,497312,170585,17,7,21,37
17,733564,229590,95525,474089,7,32,21,4
81,617350,476099,308534,107897,20,4,40,35
65,771949,233477,289746,479821,47,17,34,24
17,192331,249239,52068,166723,1,49,26,50
62,516516,227367,358254,146269,9,50,50,30
33,498900,284590,155727,168020,49,1,12,2
55,975959,73373,76392,46332,47,25,4,42
40,805499,114274,185706,84326,47,37,11,27
82,205860,397893,464841,372147,25,18,29,4
87,489963,293615,383601,210393,8,0,10,2
65,142454,435330,38882,19771,46,15,31,28
48,752334,125879,79092,196489,18,0,23,19
56,953238,368478,311143,204813,1,45,40,15
68,172836,255444,472019,374760,48,25,19,49
37,25263,430180,40448,286922,20,24,32,36
86,312166,48053,339705,103997,31,11,26,33
47,70608,427230,408088,182798,31,43,15,6
14,902668,16995,146108,366281,4,35,33,37
51,327323,57278,487773,270983,10,29,26,34
68,317667,298688,133098,414486,44,4,44,42
11,208606,268818,182433,463321,46,45,21,45
33,706415,237182,218612,182109,50,44,41,18
70,378834,451828,300508,321816,0,44,32,48
43,483980,356448,126872,286204,41,18,43,44
29,379123,189013,277664,302460,20,47,36,21
12,324558,304384,230371,335439,3,6,17,31
50,994528,274107,53377,484252,7,20,46,22
15,744376,361007,197998,274136,25,18,37,21
42,347561,351686,442196,199519,29,50,45,37
66,113592,253110,457178,470128,44,3,8,0
47,657014,122337,98945,286194,50,12,47,24
15,107830,192278,186809,80792,22,20,35,10
23,46141,115699,37845,81954,9,41,23,32
39,317392,205999,441597,493821,40,10,36,50
25,189838,472484,495311,130149,15,45,7,7
40,859638,111678,454173,244164,20,48,1,43
69,816895,413527,412990,356906,36,43,24,7
91,286834,359981,189278,108018,30,50,23,47
7,631695,160529,94684,454333,42,49,30,26
33,12993,361427,112071,491112,12,27,0,26
1,481435,318466,361848,495767,34,15,0,32
26,579584,293692,40903,379644,47,47,4,44
38,102354,325551,196199,52664,19,46,35,1
8,787760,446512,52258,445922,38,7,50,23
51,454342,222939,134021,49101,1,27,5,47
58,505745,397207,493081,280366,12,43,46,41
98,61217,25419,229259,306701,43,21,8,32
51,541934,168180,292653,110772,30,43,7,41
4,367962,476643,466714,110888,1,2,23,49
5,600134,14664,394365,417361,42,16,12,15
7,501003,421010,12382,86979,0,28,22,0
9,12077,337680,196779,27564,11,36,28,10
84,958652,400237,385991,263204,13,22,28,26
1,698196,445565,486016,492122,28,14,4,11
80,291936,499514,226699,226250,24,27,34,36
81,930843,474473,297847,288852,7,16,29,28
27,277973,297726,62973,435333,17,49,25,31
80,770133,271290,191190,352581,38,50,42,50
66,95897,272784,353157,252720,36,11,26,17
30,82907,184235,275944,89530,38,19,42,11
75,637075,438885,316060,404736,37,29,36,21
86,426622,59866,380989,348027,11,6,37,3
52,5349,242604,447943,497709,20,20,0,19
28,635049,318731,94323,300509,6,42,7,15
14,68472,471817,421036,351396,3,28,50,21
71,49499,353987,61094,56171,31,26,11,4
60,328464,171334,271779,259002,45,47,26,31
73,131721,441959,398958,100764,1,5,6,8
34,496656,355137,227403,451746,28,4,32,15
7,822122,465033,28689,327193,21,31,16,26
77,739707,333628,445467,408714,35,22,30,20
10,884482,65022,24238,24942,45,7,46,12
40,247447,169298,181262,463750,8,28,11,2
74,536616,479107,45954,480736,7,40,37,8
37,344260,452706,476408,182608,20,27,38,2
11,601679,65729,327151,370162,10,24,1,6
51,995745,77208,222796,110644,25,25,25,0
71,939041,30029,463606,398523,2,25,20,28
66,65001,443170,188853,376608,31,43,10,6
85,4328,178205,92227,257662,17,5,33,37
30,752264,255579,159679,317425,6,3,32,18
94,538517,308790,5818,177665,32,35,39,47
23,152361,391386,294210,305610,9,11,4,14
10,854694,422640,410273,262658,40,41,33,12
48,22131,310309,16683,491376,19,7,32,16
63,252670,459129,96299,447693,23,27,16,49
22,540240,404196,56985,149731,21,0,23,17
4,286040,345799,235078,409029,6,41,35,36
51,831641,21751,26274,65791,9,19,50,33
62,989271,454732,164353,407969,41,27,11,23
91,225249,47047,246826,223785,1,45,20,37
67,565181,459037,264268,474439,22,12,27,10
27,914216,238862,355199,444461,37,42,9,50
92,272738,264924,319541,111385,49,45,39,15
59,831921,73577,317574,257029,46,33,21,36
77,443858,292259,372938,465991,36,21,26,23
70,972611,354958,357842,293588,8,45,43,18
48,314235,92823,123795,5089,26,26,47,34
48,43094,20263,20390,462132,18,48,39,20
39,60643,29710,51864,306715,6,8,18,5
39,591599,52249,108568,327536,14,32,7,42
53,495338,212578,420864,239492,21,45,8,10
61,622595,2006,439733,4821,4,1,8,41
21,941999,256372,165873,219005,42,34,22,17
60,63860,397328,192316,325092,47,44,48,33
8,87829,440615,304509,272913,7,45,15,27
18,336340,197258,238326,458834,35,8,2,41
68,19245,422426,352310,2511,18,5,15,24
69,111536,405387,225368,93930,10,9,32,31
53,165950,49745,319122,330969,11,35,7,48
23,188453,54865,210283,444535,12,16,16,24
8,727663,227469,24607,381072,49,28,15,28
23,236876,367297,336560,472511,19,6,50,19
43,82469,474555,389198,327153,12,36,20,48
87,30495,188787,70096,403984,3,34,47,12
18,184548,235991,231571,335936,45,10,28,23
92,217623,50483,363076,220879,21,17,3,0
5,576224,461617,267639,414065,2,21,13,19
11,774807,251629,249515,360252,29,14,9,0
63,155029,161165,49270,350835,36,27,47,35
25,76287,342127,304551,304655,22,26,45,19
63,556350,388961,476873,413344,21,8,46,39
38,147050,293213,334139,44405,38,30,25,26
84,7547,395086,249337,268365,9,22,21,17
51,697145,1300,134380,119942,4,30,3,48
63,867157,315550,291514,466617,47,7,0,23
21,148399,216388,147084,449892,41,33,19,16
48,135374,20320,194977,496725,9,14,37,33
87,140816,425484,387920,141002,21,17,18,42
69,877701,423672,276641,359617,28,3,43,1
89,164403,438866,378163,190899,43,17,6,4
41,376168,210040,264141,111011,48,4,4,0
68,613480,216236,33696,297213,33,39,37,2
61,561348,384734,251664,97121,21,10,26,45
22,955439,257060,63770,498848,43,40,30,2
53,798491,111931,88087,464068,49,45,35,44
68,986245,348868,485807,101190,44,27,22,13
2,833194,312335,296406,447488,12,2,7,14
20,592725,185754,145036,289236,35,7,24,10
43,842393,14761,22948,258328,8,2,48,8
78,729979,411572,233338,155884,21,4,10,8
97,296971,365339,53187,332275,11,39,31,48
29,764264,215872,269782,469923,49,36,47,25
80,200551,315654,41943,132134,6,46,49,47
39,131797,180753,445967,165057,27,27,20,27
34,218142,228286,106535,108834,26,15,4,0
45,766650,491711,457439,41234,10,47,9,7
79,7151,41032,146513,181685,17,1,44,1
60,691712,241200,63802,458767,39,12,50,46
41,486121,126610,140625,481703,3,10,19,12
12,921544,358695,215322,58379,15,23,20,32
69,863575,424665,445935,473072,20,42,15,36
36,661359,442239,294097,323277,11,8,5,40
74,556164,229965,383604,482292,29,47,31,8
70,109716,73059,179515,187242,25,31,50,0
64,973156,312354,246856,497794,13,35,9,7
94,781497,204169,117624,93320,44,26,19,49
86,870198,258352,47693,175559,12,12,42,48
70,600924,195802,354115,385935,43,16,4,30
33,181657,444556,326718,189677,23,38,18,24
18,400913,53065,353327,23682,41,38,44,0
41,45948,332835,64264,487246,5,32,39,23
38,374447,314860,38696,186355,24,42,50,36
9,25808,465575,38177,51318,17,19,44,19
69,316611,266371,41247,406792,40,40,35,25
62,194977,105262,394065,295723,41,26,39,47
7,673027,251631,65589,132535,41,28,45,22
81,979114,320977,5404,133959,45,14,28,15
4,863634,156806,380834,243357,17,34,0,3
14,82799,459746,64336,198643,0,42,32,44
55,611985,310837,15930,155698,9,15,37,38
3,952373,33465,427535,76130,50,44,27,18
28,2601,307690,204362,4015,0,41,27,34
75,478035,102564,346786,146275,13,10,47,36
86,275699,426138,146441,29725,12,30,37,8
45,755697,191713,399562,133453,19,8,50,6
41,404012,499069,473526,141556,12,35,6,8
52,952594,146696,143193,430822,13,25,4,23
50,875189,238041,337491,55100,3,20,37,11
97,659529,346485,196619,124662,9,19,4,44
26,810589,130964,61179,25489,17,28,4,35
55,591161,352392,188901,333969,22,43,39,14
61,213426,215297,467249,264461,20,30,34,7
52,404042,383922,143845,477222,9,45,32,6
32,272436,157527,119755,373560,4,47,29,5
70,545827,5956,118517,63544,31,39,27,37
3,909093,396350,226586,228487,36,31,15,2
75,999496,336904,10951,79807,42,31,44,43
21,194475,394062,143069,48264,42,15,11,15
12,130445,5384,262860,454397,39,24,33,0
3,564823,183358,14876,467166,1,13,23,22
1,434502,2211,328094,438522,47,26,36,12
27,511633,47635,399011,270511,5,14,28,30
86,189395,73495,261508,268470,38,27,46,44
64,332643,367860,197973,38323,18,14,2,21
65,964864,153518,117833,188829,27,47,12,7
40,714466,451413,247047,377262,20,32,38,39
37,796669,136934,181291,304549,13,33,12,14
79,127083,204407,166346,82887,37,49,22,47
36,992515,78276,276712,336063,2,14,6,44
57,886374,252816,456543,215344,49,40,47,44
92,943767,292668,327613,419237,50,46,32,27
26,65608,376270,303769,454430,14,13,18,44
91,662296,120135,219373,183717,5,24,23,8
88,383309,216330,9525,119566,41,26,23,13
8,758672,432557,322722,467487,37,11,13,42
36,576330,115831,164887,49363,47,40,29,40
16,203681,377794,418180,260835,43,40,8,18
64,287841,352980,4875,169849,48,5,40,13
11,963204,11121,302877,93380,25,1,45,9
32,4573,51316,363662,83509,8,45,25,24
11,725260,196047,131923,177465,33,7,16,1
90,301658,280434,179819,59297,41,24,20,25
73,722347,121812,254811,239799,10,25,12,24
14,472733,51252,393871,330830,7,48,22,3
42,631683,85270,418494,220440,40,1,2,36
51,304091,50200,229155,432982,39,48,8,4
35,766694,492863,70963,199281,48,0,36,16
33,201926,428355,337748,250697,40,5,26,11
62,75933,221692,468252,150699,20,31,14,41
70,398957,151520,32833,475621,4,9,36,16
27,677916,225265,352688,497586,30,30,33,45
86,489340,345517,169330,481406,42,24,1,17
84,884224,212567,377401,77884,10,3,50,27
70,897976,15349,98293,335480,48,33,22,31
69,517238,72449,330946,386339,39,29,50,32
33,51743,138147,125159,369480,36,35,43,16
17,196455,357700,203774,468133,16,46,35,6
38,346277,96188,485398,171481,18,49,5,41
4,548149,303895,4967,221637,48,0,17,41
81,493493,29311,396769,36871,26,34,46,31
1,652124,201773,11219,286803,3,40,29,6
1,383971,4559,208855,200860,38,32,23,29
18,657160,203254,220942,21593,23,37,43,12
62,236475,366958,196721,461295,36,0,17,14
29,319671,250536,113186,489277,13,5,13,6
12,957478,198575,105694,105649,14,22,25,42
51,210174,25445,425013,27538,40,16,35,36
76,359758,55991,62956,158678,21,13,20,6
75,716754,318165,371102,50035,12,25,7,25
9,145297,419299,413647,27893,50,38,20,21
92,497089,276756,227659,140979,42,50,9,31
95,438343,292002,94824,311159,13,33,50,37
5,199522,82942,188805,462890,18,7,20,13
99,645132,371501,330242,145633,23,39,28,6
59,613546,487152,210043,171377,34,10,35,28
26,643264,28191,158424,79016,32,14,50,17
85,710929,53928,270547,153541,8,19,48,21
69,782734,108930,111949,474614,32,40,45,32
10,606270,214810,86943,408427,2,11,36,29
92,69349,322365,458713,370628,17,2,48,29
54,371253,292370,276968,19583,33,6,27,8
33,747595,181375,327877,84055,31,30,15,22
62,967222,359291,415641,126784,37,33,29,29
82,492367,316805,251357,20759,23,21,48,34
96,668452,388362,221009,352581,14,22,30,43
1,636552,339540,203364,348956,0,28,34,31
53,101867,461850,5405,241004,27,41,16,35
17,523815,100437,358403,144437,12,24,17,38
83,61573,365624,293802,202075,11,5,39,42
15,793639,473174,75192,186073,25,26,35,11
28,218095,39023,38258,453988,38,17,3,3
25,429530,89901,58582,391130,29,0,30,38
39,647444,375252,299417,312132,20,47,2,31
61,872953,477900,332216,436090,21,8,11,40
63,184906,128977,158191,383314,31,25,30,42
88,707336,343960,345427,422145,10,38,40,39
39,158940,242906,6697,97503,28,33,32,0
28,21058,406833,332890,160398,16,37,7,2
12,293763,128970,423289,306596,16,18,12,16
100,879342,394167,484370,172897,11,9,26,46
2,962621,153142,496437,228488,43,45,45,38
70,576431,64367,174458,117536,3,39,44,9
9,520517,166893,42997,339342,9,39,12,40
40,846086,233755,253605,341098,49,45,2,45
39,904124,489469,492822,261297,37,23,14,3
99,715638,141369,337493,71521,47,10,13,34
34,832160,179981,241275,46811,49,0,33,39
41,572571,56447,222731,61950,18,32,45,17
70,811675,99171,219305,383991,9,44,3,9
80,539466,73569,144053,362136,47,35,20,30
69,310128,69614,395384,194956,35,10,23,8
19,830351,177216,408056,392061,45,42,0,19
6,211194,18084,10981,247011,21,46,1,46
55,186914,28070,147867,335704,24,8,12,8
9,370732,262546,299859,64773,9,4,1,28
10,205161,297958,143936,25062,32,5,28,22
72,330917,472220,248065,11852,34,6,1,35
8,690942,286672,20766,293958,33,26,5,0
79,153281,235941,495479,489273,23,41,13,47
29,596212,402650,25638,103828,45,48,40,28
28,779107,270523,148185,181623,10,17,36,20
79,447112,299075,211027,68316,35,24,42,49
49,217795,56300,84015,22736,47,49,37,1
100,981081,78761,310937,76683,32,35,36,46
34,365338,16025,69029,473024,4,6,48,0
97,354708,324103,126322,167217,49,49,43,43
75,46705,240621,321159,418073,48,9,46,26
10,299285,464518,215038,268153,11,45,49,6
99,404024,391252,227213,450710,32,13,13,50
58,909679,362670,336645,175106,18,29,27,30
86,478749,272091,42178,369789,3,34,8,7
73,917925,315068,96411,198581,33,17,7,28
29,488234,118013,134298,372051,4,33,27,44
69,779688,12516,300899,203283,43,16,33,26
7,118321,392166,127754,277495,33,17,26,4
6,284418,364699,109694,191310,24,12,0,19
2,152546,51554,86538,182976,35,4,30,29
6,673818,441643,394749,204970,30,6,43,11
21,959782,346030,260819,97813,36,6,11,48
28,44185,236953,496127,451171,47,9,25,9
92,55574,244512,221158,363889,32,9,42,10
92,632933,384852,56886,369862,28,47,36,42
12,943824,79272,159396,181193,22,15,17,22
66,105251,119808,291771,83641,34,27,18,11
59,305989,207279,468920,348583,48,46,30,46
71,211421,416003,176044,106809,45,48,15,24
83,921740,470018,295063,334387,12,48,39,45
26,867082,279066,359325,450343,14,36,47,3
34,330241,498075,190201,28605,6,16,31,33
69,397044,237306,411884,307420,29,41,50,34
71,543499,32801,322052,209156,45,43,49,41
81,97556,229677,290386,323384,31,3,3,38
37,235887,198407,379996,410729,22,10,50,46
76,522819,356412,479317,158044,3,19,49,16
41,906816,148168,47921,493336,46,7,49,17
12,739875,21897,381832,8639,27,46,11,22
64,961320,267599,65976,315954,49,14,20,16
22,863350,292052,27870,232938,25,34,37,49
89,406941,255264,273342,271417,41,5,37,23
34,260242,127067,62276,456143,1,25,25,16
11,620855,223652,403203,94937,49,3,10,42
60,77747,359642,115367,457379,39,23,21,33
22,110699,93601,215714,328635,0,23,23,21
15,7559,326201,332601,364588,43,36,9,12
17,353581,66966,489015,186740,6,42,22,24
32,162255,139523,408521,276065,41,31,29,25
72,143310,494780,9214,94824,37,36,16,38
47,447960,313692,488141,416296,31,37,41,3
99,664982,348305,82362,465506,32,39,22,8
1,107928,422403,141938,499362,40,24,20,49
18,22863,405045,442265,362367,47,22,4,33
20,59840,428138,109380,49030,12,21,42,17
39,712325,282874,213045,202961,22,17,1,13
56,22171,259105,31604,327754,5,25,7,26
94,604803,265445,152557,366111,21,44,36,6
29,129187,12619,42819,81705,34,14,11,18
29,227907,328495,108241,123561,20,49,44,24
50,67698,214846,269079,473368,37,42,44,21
91,307625,87711,449443,282432,1,29,25,27
23,670308,387719,344226,62276,42,10,38,26
83,798723,177597,446244,443651,9,17,40,49
32,198425,42049,418432,106463,44,38,3,47
66,580977,41075,273817,189425,31,27,16,7
66,213712,292157,422549,398018,35,26,48,25
10,26729,160113,170434,466190,16,5,19,42
3,329053,240098,499406,54536,33,3,39,50
99,148660,107895,36633,30723,23,32,45,36
42,250710,408132,404542,160901,27,28,36,4
100,680841,117357,460328,248395,49,16,1,26
38,263557,365443,267288,271988,15,46,8,35
65,411604,374271,198709,141570,17,20,21,36
5,703425,241263,37479,433921,38,36,44,1
8,319920,385561,460885,71074,30,13,17,26
89,427548,491128,192707,79267,22,42,3,30
13,529599,295744,466718,427465,0,29,35,26
28,899237,168522,260372,178027,3,13,9,5
58,15471,122010,16334,415470,40,23,25,30
81,200419,391065,402824,42009,25,19,6,21
79,115690,317754,383109,333121,40,29,5,50
23,170313,401592,402657,353653,6,49,39,11
52,733376,316553,440376,396121,30,3,28,45
56,425446,341293,369350,122846,31,44,40,24
93,173379,35654,381124,302411,19,17,47,42
94,371703,437816,313628,425908,38,29,31,19
97,645955,456766,280906,106549,9,9,32,18
16,489469,387954,418343,391447,46,5,29,38
70,884324,149946,60172,8631,15,6,20,22
92,315577,286234,85678,418115,4,0,50,15
19,138787,456171,104317,108488,33,10,49,49
85,208511,29889,191938,121779,19,13,4,48
38,113021,308760,11550,228621,7,15,34,49
68,354571,362149,409972,354645,24,20,27,34
11,551131,111620,31916,334941,24,18,25,12
22,631674,2516,12944,39665,14,5,43,32
67,35019,31717,489795,344153,10,36,4,15
69,113762,440241,494222,250908,49,44,44,10
75,744467,28361,109170,482515,46,20,5,43
45,782872,229026,189681,308414,3,1,23,24
42,116441,276939,80930,79507,44,31,32,26
37,668678,443498,379043,265871,35,43,32,50
29,430583,139230,77260,39301,34,3,49,9
100,298433,25003,150476,55653,9,12,37,31
48,775198,346280,265470,225233,27,5,25,23
70,295827,122996,411654,230613,50,37,6,17
73,808799,148102,245805,430967,47,19,11,1
95,888351,303157,414917,350426,33,48,44,50
7,438015,222822,411199,254852,39,22,0,34
33,282608,352078,73747,5217,6,8,33,35
7,461329,446908,435635,369790,37,16,32,30
56,549911,326179,292247,36212,39,22,37,1
56,372469,99161,258630,413631,33,21,31,8
26,175037,317533,313916,495659,9,21,9,35
34,636460,290414,371163,359071,37,41,29,24
82,494665,497598,346248,212739,41,49,9,11
99,619494,285237,380475,46511,45,31,1,26
69,264597,340086,4292,182409,2,12,33,1
86,11119,263461,453143,438593,38,19,47,37
85,813207,263025,80450,437262,32,14,45,18
69,579366,380235,405544,135933,26,9,33,18
13,69607,396856,125895,173090,40,18,7,33
58,767583,341442,34514,155790,10,12,19,40
86,996906,417366,477750,384483,30,14,21,1
51,312972,54540,497204,239494,45,31,36,48
55,51879,149375,287694,92794,44,6,48,49
48,343491,126564,154550,411807,41,16,46,17
78,561753,477283,474261,263329,39,48,7,26
25,410195,14728,166856,252275,50,25,19,28
98,825987,402360,200484,67578,32,7,42,47
38,519992,139797,159665,261788,18,0,20,38
31,176706,282648,158688,238535,35,41,17,46
48,348537,217308,483854,169132,36,42,3,33
21,666390,430634,258438,139160,27,1,39,41
94,599744,361376,253016,444600,15,2,0,33
4,887353,135691,465546,445299,3,28,41,16
52,617657,155191,114841,288381,33,9,36,19
70,196694,14413,428525,171991,21,36,46,33
94,294700,41375,269420,378528,49,46,3,23
36,245505,72248,373215,416245,10,44,41,40
50,519264,64814,387751,80035,47,7,24,50
40,755719,316649,211013,177644,10,2,29,40
34,592979,146094,367128,86623,43,3,36,9
56,406259,285723,126154,361502,29,29,26,49
77,466879,191365,228454,239113,32,31,26,15
24,76624,420190,12854,485855,11,3,24,33
26,304798,165832,363649,7986,0,31,32,21
98,536300,291330,274487,254914,47,10,38,17
28,806217,304775,361611,257538,7,37,2,41
32,588229,417226,370012,336577,31,18,17,25
20,199382,385171,119077,409624,19,25,46,46
46,190716,125661,363734,82233,45,45,36,50
97,654546,479902,101245,176741,39,13,13,8
20,851705,408830,64637,253038,17,46,15,10
60,637897,107946,187275,137401,29,2,3,27
19,660311,224784,412666,400610,37,31,19,2
33,16105,240786,381367,27343,17,20,20,34
85,381243,128351,308503,482088,45,36,22,13
21,381876,235864,412791,234200,42,8,16,35
4,667349,112846,388017,42754,12,29,43,43
43,470752,20891,392237,322133,1,32,19,31
47,363835,149000,305204,354982,5,29,26,0
50,812296,22051,249512,8528,46,0,3,41
22,194957,162553,221241,373887,45,46,32,40
12,54259,8928,293854,344059,29,45,36,39
29,591206,273178,160381,129296,3,24,45,11
77,131327,258853,315858,457673,34,48,10,15
2,673816,458908,14554,474880,39,28,25,29
77,551258,333157,474820,362068,39,2,14,16
55,246002,228937,281588,220807,44,13,34,47
36,237007,112755,80678,35860,28,50,49,15
21,219546,208237,451150,481003,37,45,23,46
45,305574,185987,211939,314342,22,50,26,28
42,44728,217396,97397,222914,38,33,8,16
97,860439,288608,94067,110008,48,29,25,44
11,115145,185822,57825,52214,39,33,6,32
81,817786,405256,363759,420882,30,47,11,41
30,631479,164049,128973,240626,46,20,26,5
95,235818,190133,337927,63244,4,42,15,18
33,265088,407307,367122,88197,38,32,26,39
76,846077,208727,399679,125339,33,20,13,11
82,39417,226582,166566,336098,0,16,30,3
94,35510,244220,72402,389752,41,22,43,7
78,911131,41622,190689,329122,14,35,17,18
52,454031,224154,125388,219637,41,13,48,14
43,491011,202161,38241,293388,43,32,31,12
17,545524,72620,496201,273366,35,38,48,22
51,494643,56264,145722,401621,19,11,28,15
40,457789,168698,415060,474142,1,27,30,3
71,793403,458108,208662,461367,49,37,11,45
49,81194,226391,121302,56927,38,16,16,37
55,176222,199580,272131,178504,25,38,46,19
6,15028,8513,101061,81027,22,7,14,29
76,101908,381467,211840,125580,6,30,40,49
98,448507,245783,485763,189558,39,37,30,9
19,180598,179059,39540,20483,26,36,26,11
29,669517,172005,402937,218944,6,50,5,31
70,872459,105163,203508,192427,46,49,39,26
85,843434,371297,192027,184853,31,3,29,48
36,823302,289699,270248,58468,7,30,32,37
37,17537,398565,398947,63226,38,3,16,12
21,402930,421286,216161,442124,24,43,7,9
43,949811,310190,262605,334363,9,26,28,49
74,795295,282109,496965,156007,18,3,50,42
48,296245,78506,55705,97621,16,8,43,0
32,473639,335503,12743,220716,44,33,45,33
54,145705,57014,449957,397832,33,24,1,22
77,32752,436337,32439,62960,12,50,47,5
12,609104,479492,234244,130863,27,13,50,24
3,238890,150679,263638,195783,24,20,4,8
5,658859,376575,423091,234325,31,30,25,33
48,281392,124237,52022,33763,49,4,32,22
38,199779,59885,384326,484421,46,13,39,7
11,694319,292472,115799,195509,0,21,42,41
86,223758,183223,179648,346654,46,2,11,5
4,278234,100793,279747,336438,23,20,2,47
82,163454,140308,322892,396355,17,31,50,13
63,748863,305035,82765,186422,30,26,17,7
6,285986,191503,99134,85463,36,44,26,5
38,318405,362867,423708,121956,47,0,42,49
77,243300,41063,67241,280468,32,36,3,17
71,165556,50894,59765,121405,11,2,16,5
59,73978,369885,260478,298891,20,17,12,28
42,850566,152692,327295,57678,33,13,37,18
33,899869,395164,158861,89772,47,2,23,49
20,401931,145658,159239,206429,14,6,17,38
28,913932,401737,495263,18860,30,49,13,36
3,651781,62786,389280,453258,43,44,23,18
1,662480,214385,269805,158810,27,37,7,33
16,678684,45409,468856,92030,36,11,15,30
80,546,45596,136702,345910,30,1,1,41
7,71113,218967,157798,322769,18,38,10,26
26,874203,419030,130087,40467,15,32,37,19
79,434342,482492,256430,93650,8,39,6,8
62,454450,490508,53881,30841,35,23,32,35
29,800960,178832,120957,432742,27,4,30,33
76,325821,441054,451754,9664,21,31,20,7
46,684025,113825,84186,283775,37,40,34,5
85,896544,21331,330756,353570,31,50,5,43
55,636115,484312,100070,382392,20,50,23,23
88,939214,174733,53150,78643,6,31,8,35
63,692013,305000,248380,178146,9,0,36,6
44,950203,43897,360070,267182,31,9,50,17
79,712799,248800,300487,149528,6,29,41,42
30,606874,479242,305346,56615,45,46,8,31
100,790652,423071,429550,258406,18,25,16,36
100,44161,270263,173630,408561,10,1,39,39
74,783316,241896,489503,313459,38,40,21,33
51,521828,133277,331754,390083,19,9,5,5
92,132268,351337,423541,234108,17,31,38,12
30,632075,130532,22239,475812,3,33,34,20
20,176786,157923,451022,334678,32,34,48,6
34,840987,103361,91710,239432,0,24,36,44
42,646084,170330,323908,248368,14,43,1,35
22,469174,259376,51146,137327,28,45,42,2
66,222346,118181,312458,330177,27,29,31,1
64,315037,214409,69091,482240,32,31,46,9
24,488731,70833,42442,173259,27,1,29,49
86,892089,202786,389982,67448,49,21,33,44
88,68428,461242,50764,232957,24,35,41,1
71,589241,303921,268004,84222,2,13,43,0
13,824843,76923,86293,223620,48,35,3,7
21,134823,303570,89952,399533,27,43,38,19
61,20236,20674,461539,64635,26,6,47,46
6,232048,199384,89188,44883,16,12,4,35
42,853257,59922,57506,341072,20,5,19,14
92,582052,52709,95427,348631,29,18,14,25
44,737239,375187,117844,281008,6,16,10,14
50,182245,382438,422949,406630,34,16,32,44
32,604755,317529,403830,163810,17,10,28,31
47,510278,37957,332086,483027,43,1,9,18
34,883475,482440,353668,271979,34,49,50,11
91,220367,492890,447282,113519,36,16,44,48
44,178841,176551,28195,402126,10,38,39,6
83,298116,480877,29458,116602,10,32,43,11
18,105722,174727,80857,109543,39,47,48,42
37,266416,380850,163323,318768,38,6,23,18
41,759927,152311,458573,84647,22,43,41,0
20,298822,229061,71911,52247,0,3,45,27
56,528019,202187,287962,40249,37,6,11,3
42,783456,236057,134316,68766,33,33,30,44
73,957382,163170,389720,425930,21,8,11,46
80,561388,461352,489089,430487,30,45,0,30
58,295768,357374,374540,12114,43,7,6,7
29,325431,409882,218995,135600,24,27,0,10
21,749275,154542,33868,492270,3,17,25,41
26,360931,270610,154275,227042,21,49,12,46
75,78666,203794,45319,209978,23,46,28,9
55,307634,397553,305655,129913,8,28,0,0
2,576214,233378,358480,409555,10,48,44,34
89,54753,210993,357346,498222,11,23,17,6
14,848845,60402,325024,148037,38,0,27,31
81,399486,65833,159066,401469,37,31,19,29
15,929550,51287,445943,64453,37,29,47,50
38,117384,334638,157698,293828,47,13,27,42
99,689187,164055,356704,333599,21,16,2,16
11,541869,94662,489058,125845,28,43,0,24
43,107332,202298,382473,98380,3,6,47,46
63,326070,196279,301982,243701,11,7,7,31
42,856421,342602,14127,372070,42,12,9,48
56,475032,250210,236709,382473,22,31,7,25
42,671722,319739,271420,482493,28,1,15,41
52,967581,273593,11440,176071,23,27,17,41
65,824629,82511,492051,129772,28,16,25,10
88,828113,21346,352018,451551,25,22,34,29
62,533188,365761,169849,91302,29,29,35,43
58,617893,235870,104346,243568,25,35,21,11
4,567006,66885,437128,208394,44,39,6,35
77,267634,331689,5275,495401,40,21,50,1
92,509670,306775,466467,462567,20,22,18,30
97,508201,494158,220257,416019,29,11,14,34
73,897194,92174,346775,12682,12,45,14,30
77,929851,485217,233539,243405,19,49,37,19
12,662979,458378,453828,341722,35,2,28,41
22,733872,482107,354737,348131,8,36,2,48
81,286223,245091,393479,111503,26,39,10,14
89,370617,214840,473255,268921,20,18,28,23
30,700056,264313,98281,160425,46,19,33,5
59,587391,148475,495683,44651,23,17,5,13
42,197106,334984,27815,401400,14,21,14,5
15,556507,180377,270419,431441,47,39,19,26
19,243340,145583,277173,290642,6,12,44,10
15,101995,189653,375570,425838,30,6,46,15
51,636313,331297,174924,281559,10,9,18,16
51,992151,5075,190657,57730,35,23,11,20
49,822301,318056,34611,248238,3,8,5,45
29,479602,113502,217666,341799,9,5,34,25
22,309863,450816,66170,139379,38,19,27,6
90,931373,448088,73125,451807,23,33,29,17
70,17335,129714,204437,493209,41,39,29,39
31,444826,304476,358691,295772,33,11,45,47
81,491487,74981,240454,426802,38,45,30,46
37,753425,84273,284404,355369,11,1,17,7
50,297566,12183,62022,87401,15,14,28,11
71,716259,354172,275390,113377,26,0,32,13
49,461282,353879,7893,479177,31,44,40,20
70,701,402212,31343,27609,47,29,41,36
7,735656,75219,495174,225015,25,4,29,29
72,716887,31371,328157,37622,44,38,13,4
48,155521,170361,192562,490588,25,26,39,18
4,270589,36527,85299,176398,36,36,0,38
46,955654,197588,28600,46171,23,12,15,1
57,357402,391086,461095,237702,32,30,40,50
42,481750,95317,260478,212456,30,32,36,9
71,131644,421386,454271,51355,14,12,17,14
25,373938,183061,396318,179498,46,27,34,33
12,219353,163246,164810,493571,20,41,1,12
72,598015,63221,494257,485640,43,14,42,27
52,493092,488483,114165,103652,42,49,6,46
6,28716,156226,231813,135916,49,19,19,3
31,739475,218431,215743,357822,21,10,0,17
79,331083,235864,196604,150373,35,37,29,32
61,396664,134876,375737,227184,30,2,7,11
100,60103,369405,336939,492764,1,14,15,16
29,52214,80346,53989,401568,22,17,2,22
38,815696,401588,491279,203080,21,18,2,25
96,21087,53696,319715,221260,14,39,35,18
100,200697,479152,397213,264838,13,16,10,19
83,984389,142822,150346,221840,11,9,42,30
89,375397,277347,142191,284407,15,37,14,12
64,792095,154068,479220,256105,14,44,6,18
36,465623,128657,433581,457162,22,29,27,33
8,314043,452639,342682,224431,18,35,50,44
43,635211,241543,428979,188831,13,40,27,21
7,874563,195499,85743,279139,23,5,31,19
97,591406,340835,218699,32980,6,48,0,38
61,805047,138781,391788,298161,12,18,34,43
63,857400,326909,713,82717,48,23,50,19
20,988504,426553,222859,472434,21,39,21,27
74,664621,285944,339370,409936,45,41,49,21
32,709556,303562,417472,364234,17,19,30,6
81,523775,244537,278305,4955,40,45,6,2
22,436842,447787,150214,59676,50,21,5,43
33,804117,437319,56038,117360,23,49,36,21
37,392469,441547,426968,417630,1,10,25,36
62,251507,292740,390726,2114,50,13,20,2
99,460507,214743,369512,464633,40,34,40,22
16,714714,469098,95113,408287,17,9,19,43
28,475090,218327,339587,76429,34,44,38,42
65,224103,227510,310359,418518,20,28,48,38
92,545130,58208,203822,42287,34,50,37,38
